"timestamp","target","item_id"
"2018-02-05",254.259995,0
"2018-02-06",265.720001,0
"2018-02-07",264.559998,0
"2018-02-08",250.100006,0
"2018-02-09",249.470001,0
"2018-02-12",257.950012,0
"2018-02-13",258.269989,0
"2018-02-14",266,0
"2018-02-15",280.269989,0
"2018-02-16",278.519989,0
"2018-02-20",278.549988,0
"2018-02-21",281.040009,0
"2018-02-22",278.140015,0
"2018-02-23",285.929993,0
"2018-02-26",294.160004,0
"2018-02-27",290.609985,0
"2018-02-28",291.380005,0
"2018-03-01",290.390015,0
"2018-03-02",301.049988,0
"2018-03-05",315,0
"2018-03-06",325.220001,0
"2018-03-07",321.160004,0
"2018-03-08",317,0
"2018-03-09",331.440002,0
"2018-03-12",321.299988,0
"2018-03-13",315.880005,0
"2018-03-14",321.549988,0
"2018-03-15",321.089996,0
"2018-03-16",318.450012,0
"2018-03-19",313.480011,0
"2018-03-20",317.5,0
"2018-03-21",316.480011,0
"2018-03-22",306.700012,0
"2018-03-23",300.940002,0
"2018-03-26",320.350006,0
"2018-03-27",300.690002,0
"2018-03-28",285.769989,0
"2018-03-29",295.350006,0
"2018-04-02",280.290009,0
"2018-04-03",283.670013,0
"2018-04-04",288.940002,0
"2018-04-05",293.970001,0
"2018-04-06",288.850006,0
"2018-04-09",289.929993,0
"2018-04-10",298.070007,0
"2018-04-11",303.670013,0
"2018-04-12",309.25,0
"2018-04-13",311.649994,0
"2018-04-16",307.779999,0
"2018-04-17",336.059998,0
"2018-04-18",334.519989,0
"2018-04-19",332.700012,0
"2018-04-20",327.769989,0
"2018-04-23",318.690002,0
"2018-04-24",307.019989,0
"2018-04-25",305.76001,0
"2018-04-26",313.980011,0
"2018-04-27",311.76001,0
"2018-04-30",312.459991,0
"2018-05-01",313.299988,0
"2018-05-02",313.359985,0
"2018-05-03",311.690002,0
"2018-05-04",320.089996,0
"2018-05-07",326.26001,0
"2018-05-08",326.890015,0
"2018-05-09",330.299988,0
"2018-05-10",329.600006,0
"2018-05-11",326.459991,0
"2018-05-14",328.529999,0
"2018-05-15",326.130005,0
"2018-05-16",328.190002,0
"2018-05-17",325.220001,0
"2018-05-18",324.179993,0
"2018-05-21",331.820007,0
"2018-05-22",331.619995,0
"2018-05-23",344.720001,0
"2018-05-24",349.290009,0
"2018-05-25",351.290009,0
"2018-05-29",349.730011,0
"2018-05-30",353.540009,0
"2018-05-31",351.600006,0
"2018-06-01",359.929993,0
"2018-06-04",361.809998,0
"2018-06-05",365.799988,0
"2018-06-06",367.450012,0
"2018-06-07",361.399994,0
"2018-06-08",360.570007,0
"2018-06-11",361.450012,0
"2018-06-12",363.829987,0
"2018-06-13",379.929993,0
"2018-06-14",392.869995,0
"2018-06-15",391.980011,0
"2018-06-18",390.399994,0
"2018-06-19",404.980011,0
"2018-06-20",416.76001,0
"2018-06-21",415.440002,0
"2018-06-22",411.089996,0
"2018-06-25",384.480011,0
"2018-06-26",399.390015,0
"2018-06-27",390.390015,0
"2018-06-28",395.420013,0
"2018-06-29",391.429993,0
"2018-07-02",398.179993,0
"2018-07-03",390.519989,0
"2018-07-05",398.390015,0
"2018-07-06",408.25,0
"2018-07-09",418.970001,0
"2018-07-10",415.630005,0
"2018-07-11",418.649994,0
"2018-07-12",413.5,0
"2018-07-13",395.799988,0
"2018-07-16",400.480011,0
"2018-07-17",379.480011,0
"2018-07-18",375.130005,0
"2018-07-19",364.230011,0
"2018-07-20",361.049988,0
"2018-07-23",362.660004,0
"2018-07-24",357.320007,0
"2018-07-25",362.869995,0
"2018-07-26",363.089996,0
"2018-07-27",355.209991,0
"2018-07-30",334.959991,0
"2018-07-31",337.450012,0
"2018-08-01",338.380005,0
"2018-08-02",344.5,0
"2018-08-03",343.089996,0
"2018-08-06",350.920013,0
"2018-08-07",351.829987,0
"2018-08-08",347.609985,0
"2018-08-09",349.359985,0
"2018-08-10",345.869995,0
"2018-08-13",341.309998,0
"2018-08-14",337.48999,0
"2018-08-15",326.399994,0
"2018-08-16",322.440002,0
"2018-08-17",316.779999,0
"2018-08-20",327.730011,0
"2018-08-21",338.019989,0
"2018-08-22",344.440002,0
"2018-08-23",339.170013,0
"2018-08-24",358.820007,0
"2018-08-27",364.579987,0
"2018-08-28",368.48999,0
"2018-08-29",368.040009,0
"2018-08-30",370.980011,0
"2018-08-31",367.679993,0
"2018-09-04",363.600006,0
"2018-09-05",341.179993,0
"2018-09-06",346.459991,0
"2018-09-07",348.679993,0
"2018-09-10",348.410004,0
"2018-09-11",355.929993,0
"2018-09-12",369.950012,0
"2018-09-13",368.149994,0
"2018-09-14",364.559998,0
"2018-09-17",350.350006,0
"2018-09-18",367.649994,0
"2018-09-19",366.959991,0
"2018-09-20",365.359985,0
"2018-09-21",361.190002,0
"2018-09-24",369.609985,0
"2018-09-25",369.429993,0
"2018-09-26",377.880005,0
"2018-09-27",380.709991,0
"2018-09-28",374.130005,0
"2018-10-01",381.429993,0
"2018-10-02",377.140015,0
"2018-10-03",377.049988,0
"2018-10-04",363.649994,0
"2018-10-05",351.350006,0
"2018-10-08",349.100006,0
"2018-10-09",355.709991,0
"2018-10-10",325.890015,0
"2018-10-11",321.100006,0
"2018-10-12",339.559998,0
"2018-10-15",333.130005,0
"2018-10-16",346.399994,0
"2018-10-17",364.700012,0
"2018-10-18",346.709991,0
"2018-10-19",332.670013,0
"2018-10-22",329.540009,0
"2018-10-23",333.160004,0
"2018-10-24",301.829987,0
"2018-10-25",312.869995,0
"2018-10-26",299.829987,0
"2018-10-29",284.839996,0
"2018-10-30",285.809998,0
"2018-10-31",301.779999,0
"2018-11-01",317.380005,0
"2018-11-02",309.100006,0
"2018-11-05",315.440002,0
"2018-11-06",310.839996,0
"2018-11-07",327.5,0
"2018-11-08",317.920013,0
"2018-11-09",303.470001,0
"2018-11-12",294.070007,0
"2018-11-13",294.399994,0
"2018-11-14",286.730011,0
"2018-11-15",290.059998,0
"2018-11-16",286.209991,0
"2018-11-19",270.600006,0
"2018-11-20",266.980011,0
"2018-11-21",262.130005,0
"2018-11-23",258.820007,0
"2018-11-26",261.429993,0
"2018-11-27",266.630005,0
"2018-11-28",282.649994,0
"2018-11-29",288.75,0
"2018-11-30",286.130005,0
"2018-12-03",290.299988,0
"2018-12-04",275.329987,0
"2018-12-06",282.880005,0
"2018-12-07",265.140015,0
"2018-12-10",269.700012,0
"2018-12-11",265.320007,0
"2018-12-12",274.880005,0
"2018-12-13",276.019989,0
"2018-12-14",266.839996,0
"2018-12-17",262.799988,0
"2018-12-18",270.940002,0
"2018-12-19",266.769989,0
"2018-12-20",260.579987,0
"2018-12-21",246.389999,0
"2018-12-24",233.880005,0
"2018-12-26",253.669998,0
"2018-12-27",255.570007,0
"2018-12-28",256.079987,0
"2018-12-31",267.660004,0
"2019-01-02",267.660004,0
"2019-01-03",271.200012,0
"2019-01-04",297.570007,0
"2019-01-07",315.339996,0
"2019-01-08",320.269989,0
"2019-01-09",319.959991,0
"2019-01-10",324.660004,0
"2019-01-11",337.589996,0
"2019-01-14",332.940002,0
"2019-01-15",354.640015,0
"2019-01-16",351.390015,0
"2019-01-17",353.190002,0
"2019-01-18",339.100006,0
"2019-01-22",325.160004,0
"2019-01-23",321.98999,0
"2019-01-24",326.670013,0
"2019-01-25",338.049988,0
"2019-01-28",335.660004,0
"2019-01-29",328.899994,0
"2019-01-30",340.660004,0
"2019-01-31",339.5,0
"2019-02-01",339.850006,0
"2019-02-04",351.339996,0
"2019-02-05",355.809998,0
"2019-02-06",352.190002,0
"2019-02-07",344.709991,0
"2019-02-08",347.570007,0
"2019-02-11",345.730011,0
"2019-02-12",359.970001,0
"2019-02-13",351.769989,0
"2019-02-14",359.070007,0
"2019-02-15",356.869995,0
"2019-02-19",361.920013,0
"2019-02-20",359.910004,0
"2019-02-21",356.970001,0
"2019-02-22",363.019989,0
"2019-02-25",363.910004,0
"2019-02-26",364.970001,0
"2019-02-27",362.869995,0
"2019-02-28",358.100006,0
"2019-03-01",357.320007,0
"2019-03-04",351.040009,0
"2019-03-05",354.299988,0
"2019-03-06",359.609985,0
"2019-03-07",352.600006,0
"2019-03-08",349.600006,0
"2019-03-11",358.859985,0
"2019-03-12",356.269989,0
"2019-03-13",361.209991,0
"2019-03-14",358.820007,0
"2019-03-15",361.459991,0
"2019-03-18",363.440002,0
"2019-03-19",358.779999,0
"2019-03-20",375.220001,0
"2019-03-21",377.869995,0
"2019-03-22",361.01001,0
"2019-03-25",366.230011,0
"2019-03-26",359.970001,0
"2019-03-27",353.369995,0
"2019-03-28",354.609985,0
"2019-03-29",356.559998,0
"2019-04-01",366.959991,0
"2019-04-02",367.720001,0
"2019-04-03",369.75,0
"2019-04-04",367.880005,0
"2019-04-05",365.48999,0
"2019-04-08",361.410004,0
"2019-04-09",364.709991,0
"2019-04-10",363.920013,0
"2019-04-11",367.649994,0
"2019-04-12",351.140015,0
"2019-04-15",348.869995,0
"2019-04-16",359.459991,0
"2019-04-17",354.73999,0
"2019-04-18",360.350006,0
"2019-04-22",377.339996,0
"2019-04-23",381.890015,0
"2019-04-24",374.230011,0
"2019-04-25",368.329987,0
"2019-04-26",374.850006,0
"2019-04-29",371.829987,0
"2019-04-30",370.540009,0
"2019-05-01",378.809998,0
"2019-05-02",379.059998,0
"2019-05-03",385.029999,0
"2019-05-06",378.670013,0
"2019-05-07",370.459991,0
"2019-05-08",364.369995,0
"2019-05-09",362.75,0
"2019-05-10",361.040009,0
"2019-05-13",345.26001,0
"2019-05-14",345.609985,0
"2019-05-15",354.98999,0
"2019-05-16",359.309998,0
"2019-05-17",354.450012,0
"2019-05-20",348.109985,0
"2019-05-21",354.269989,0
"2019-05-22",359.730011,0
"2019-05-23",352.209991,0
"2019-05-24",354.390015,0
"2019-05-28",355.059998,0
"2019-05-29",349.190002,0
"2019-05-30",351.850006,0
"2019-05-31",343.279999,0
"2019-06-03",336.630005,0
"2019-06-04",353.399994,0
"2019-06-05",355.730011,0
"2019-06-06",357.130005,0
"2019-06-07",360.869995,0
"2019-06-10",352.01001,0
"2019-06-11",351.269989,0
"2019-06-12",345.559998,0
"2019-06-13",343.429993,0
"2019-06-14",339.730011,0
"2019-06-17",350.619995,0
"2019-06-18",357.119995,0
"2019-06-19",363.519989,0
"2019-06-20",365.209991,0
"2019-06-21",369.209991,0
"2019-06-24",371.040009,0
"2019-06-25",360.299988,0
"2019-06-26",362.200012,0
"2019-06-27",370.019989,0
"2019-06-28",367.320007,0
"2019-07-01",374.600006,0
"2019-07-02",375.429993,0
"2019-07-03",381.720001,0
"2019-07-05",380.549988,0
"2019-07-08",376.160004,0
"2019-07-09",379.929993,0
"2019-07-10",381,0
"2019-07-11",379.5,0
"2019-07-12",373.25,0
"2019-07-15",366.600006,0
"2019-07-16",365.98999,0
"2019-07-17",362.440002,0
"2019-07-18",325.209991,0
"2019-07-19",315.100006,0
"2019-07-22",310.619995,0
"2019-07-23",307.299988,0
"2019-07-24",317.940002,0
"2019-07-25",326.459991,0
"2019-07-26",335.779999,0
"2019-07-29",332.700012,0
"2019-07-30",325.929993,0
"2019-07-31",322.98999,0
"2019-08-01",319.5,0
"2019-08-02",318.829987,0
"2019-08-05",307.630005,0
"2019-08-06",310.100006,0
"2019-08-07",304.290009,0
"2019-08-08",315.899994,0
"2019-08-09",308.929993,0
"2019-08-12",310.829987,0
"2019-08-13",312.279999,0
"2019-08-14",299.109985,0
"2019-08-15",295.76001,0
"2019-08-16",302.799988,0
"2019-08-19",309.380005,0
"2019-08-20",298.98999,0
"2019-08-21",297.809998,0
"2019-08-22",296.929993,0
"2019-08-23",291.440002,0
"2019-08-26",294.980011,0
"2019-08-27",291.029999,0
"2019-08-28",291.769989,0
"2019-08-29",296.779999,0
"2019-08-30",293.75,0
"2019-09-03",289.290009,0
"2019-09-04",291.519989,0
"2019-09-05",293.25,0
"2019-09-06",290.170013,0
"2019-09-09",294.339996,0
"2019-09-10",287.98999,0
"2019-09-11",288.269989,0
"2019-09-12",288.859985,0
"2019-09-13",294.149994,0
"2019-09-16",294.290009,0
"2019-09-17",298.600006,0
"2019-09-18",291.559998,0
"2019-09-19",286.600006,0
"2019-09-20",270.75,0
"2019-09-23",265.920013,0
"2019-09-24",254.589996,0
"2019-09-25",264.75,0
"2019-09-26",263.309998,0
"2019-09-27",263.079987,0
"2019-09-30",267.619995,0
"2019-10-01",269.579987,0
"2019-10-02",268.029999,0
"2019-10-03",268.149994,0
"2019-10-04",272.790009,0
"2019-10-07",274.459991,0
"2019-10-08",270.720001,0
"2019-10-09",267.529999,0
"2019-10-10",280.480011,0
"2019-10-11",282.929993,0
"2019-10-14",285.529999,0
"2019-10-15",284.25,0
"2019-10-16",286.279999,0
"2019-10-17",293.350006,0
"2019-10-18",275.299988,0
"2019-10-21",278.049988,0
"2019-10-22",266.690002,0
"2019-10-23",271.269989,0
"2019-10-24",271.5,0
"2019-10-25",276.820007,0
"2019-10-28",281.859985,0
"2019-10-29",281.209991,0
"2019-10-30",291.450012,0
"2019-10-31",287.410004,0
"2019-11-01",286.809998,0
"2019-11-04",292.859985,0
"2019-11-05",288.029999,0
"2019-11-06",288.589996,0
"2019-11-07",289.570007,0
"2019-11-08",291.570007,0
"2019-11-11",294.179993,0
"2019-11-12",292.01001,0
"2019-11-13",283.109985,0
"2019-11-14",289.619995,0
"2019-11-15",295.029999,0
"2019-11-18",302.570007,0
"2019-11-19",302.600006,0
"2019-11-20",305.160004,0
"2019-11-21",311.690002,0
"2019-11-22",310.480011,0
"2019-11-25",315.549988,0
"2019-11-26",312.48999,0
"2019-11-27",315.929993,0
"2019-11-29",314.660004,0
"2019-12-02",309.98999,0
"2019-12-03",306.160004,0
"2019-12-04",304.320007,0
"2019-12-05",302.859985,0
"2019-12-06",307.350006,0
"2019-12-09",302.5,0
"2019-12-10",293.119995,0
"2019-12-11",298.929993,0
"2019-12-12",298.440002,0
"2019-12-13",298.5,0
"2019-12-16",304.209991,0
"2019-12-17",315.480011,0
"2019-12-18",320.799988,0
"2019-12-19",332.220001,0
"2019-12-20",336.899994,0
"2019-12-23",333.100006,0
"2019-12-24",333.200012,0
"2019-12-26",332.630005,0
"2019-12-27",329.089996,0
"2019-12-30",323.309998,0
"2019-12-31",323.570007,0
"2020-01-02",329.809998,0
"2020-01-03",325.899994,0
"2020-01-06",335.829987,0
"2020-01-07",330.75,0
"2020-01-08",339.26001,0
"2020-01-09",335.660004,0
"2020-01-10",329.049988,0
"2020-01-13",338.920013,0
"2020-01-14",338.690002,0
"2020-01-15",339.070007,0
"2020-01-16",338.619995,0
"2020-01-17",339.670013,0
"2020-01-21",338.109985,0
"2020-01-22",326,0
"2020-01-23",349.600006,0
"2020-01-24",353.160004,0
"2020-01-27",342.880005,0
"2020-01-28",348.519989,0
"2020-01-29",343.160004,0
"2020-01-30",347.73999,0
"2020-01-31",345.089996,0
"2020-02-03",358,0
"2020-02-04",369.01001,0
"2020-02-05",369.670013,0
"2020-02-06",366.950012,0
"2020-02-07",366.769989,0
"2020-02-10",371.070007,0
"2020-02-11",373.690002,0
"2020-02-12",380.01001,0
"2020-02-13",381.399994,0
"2020-02-14",380.399994,0
"2020-02-18",387.779999,0
"2020-02-19",386.190002,0
"2020-02-20",386,0
"2020-02-21",380.070007,0
"2020-02-24",368.700012,0
"2020-02-25",360.089996,0
"2020-02-26",379.23999,0
"2020-02-27",371.709991,0
"2020-02-28",369.029999,0
"2020-03-02",381.049988,0
"2020-03-03",368.769989,0
"2020-03-04",383.790009,0
"2020-03-05",372.779999,0
"2020-03-06",368.970001,0
"2020-03-09",346.48999,0
"2020-03-10",364.130005,0
"2020-03-11",349.920013,0
"2020-03-12",315.25,0
"2020-03-13",336.299988,0
"2020-03-16",298.839996,0
"2020-03-17",319.75,0
"2020-03-18",315.470001,0
"2020-03-19",332.029999,0
"2020-03-20",332.829987,0
"2020-03-23",360.269989,0
"2020-03-24",357.320007,0
"2020-03-25",342.390015,0
"2020-03-26",362.98999,0
"2020-03-27",357.119995,0
"2020-03-30",370.959991,0
"2020-03-31",375.5,0
"2020-04-01",364.079987,0
"2020-04-02",370.079987,0
"2020-04-03",361.76001,0
"2020-04-06",379.959991,0
"2020-04-07",372.279999,0
"2020-04-08",371.119995,0
"2020-04-09",370.720001,0
"2020-04-13",396.720001,0
"2020-04-14",413.549988,0
"2020-04-15",426.75,0
"2020-04-16",439.170013,0
"2020-04-17",422.959991,0
"2020-04-20",437.48999,0
"2020-04-21",433.829987,0
"2020-04-22",421.420013,0
"2020-04-23",426.700012,0
"2020-04-24",424.98999,0
"2020-04-27",421.380005,0
"2020-04-28",403.829987,0
"2020-04-29",411.890015,0
"2020-04-30",419.850006,0
"2020-05-01",415.269989,0
"2020-05-04",428.149994,0
"2020-05-05",424.679993,0
"2020-05-06",434.26001,0
"2020-05-07",436.529999,0
"2020-05-08",435.549988,0
"2020-05-11",440.519989,0
"2020-05-12",431.820007,0
"2020-05-13",438.269989,0
"2020-05-14",441.950012,0
"2020-05-15",454.190002,0
"2020-05-18",452.579987,0
"2020-05-19",451.040009,0
"2020-05-20",447.670013,0
"2020-05-21",436.25,0
"2020-05-22",429.320007,0
"2020-05-26",414.769989,0
"2020-05-27",419.890015,0
"2020-05-28",413.440002,0
"2020-05-29",419.730011,0
"2020-06-01",425.920013,0
"2020-06-02",427.309998,0
"2020-06-03",421.970001,0
"2020-06-04",414.329987,0
"2020-06-05",419.600006,0
"2020-06-08",419.48999,0
"2020-06-09",434.049988,0
"2020-06-10",434.480011,0
"2020-06-11",425.559998,0
"2020-06-12",418.070007,0
"2020-06-15",425.5,0
"2020-06-16",436.130005,0
"2020-06-17",447.769989,0
"2020-06-18",449.869995,0
"2020-06-19",453.720001,0
"2020-06-22",468.040009,0
"2020-06-23",466.26001,0
"2020-06-24",457.850006,0
"2020-06-25",465.910004,0
"2020-06-26",443.399994,0
"2020-06-29",447.23999,0
"2020-06-30",455.040009,0
"2020-07-01",485.640015,0
"2020-07-02",476.890015,0
"2020-07-06",493.809998,0
"2020-07-07",493.160004,0
"2020-07-08",502.779999,0
"2020-07-09",507.76001,0
"2020-07-10",548.72998,0
"2020-07-13",525.5,0
"2020-07-14",524.880005,0
"2020-07-15",523.26001,0
"2020-07-16",527.390015,0
"2020-07-17",492.98999,0
"2020-07-20",502.410004,0
"2020-07-21",490.100006,0
"2020-07-22",489.820007,0
"2020-07-23",477.579987,0
"2020-07-24",480.450012,0
"2020-07-27",495.649994,0
"2020-07-28",488.51001,0
"2020-07-29",484.480011,0
"2020-07-30",485.799988,0
"2020-07-31",488.880005,0
"2020-08-03",498.619995,0
"2020-08-04",509.640015,0
"2020-08-05",502.109985,0
"2020-08-06",509.079987,0
"2020-08-07",494.730011,0
"2020-08-10",483.380005,0
"2020-08-11",466.929993,0
"2020-08-12",475.470001,0
"2020-08-13",481.329987,0
"2020-08-14",482.679993,0
"2020-08-17",482.350006,0
"2020-08-18",491.869995,0
"2020-08-19",484.529999,0
"2020-08-20",497.899994,0
"2020-08-21",492.309998,0
"2020-08-24",488.809998,0
"2020-08-25",490.579987,0
"2020-08-26",547.530029,0
"2020-08-27",526.27002,0
"2020-08-28",523.890015,0
"2020-08-31",529.559998,0
"2020-09-01",556.549988,0
"2020-09-02",552.840027,0
"2020-09-03",525.75,0
"2020-09-04",516.049988,0
"2020-09-08",507.019989,0
"2020-09-09",500.190002,0
"2020-09-10",480.670013,0
"2020-09-11",482.029999,0
"2020-09-14",476.26001,0
"2020-09-15",495.98999,0
"2020-09-16",483.859985,0
"2020-09-17",470.200012,0
"2020-09-18",469.959991,0
"2020-09-21",487.350006,0
"2020-09-22",491.170013,0
"2020-09-23",470.609985,0
"2020-09-24",473.079987,0
"2020-09-25",482.880005,0
"2020-09-28",490.649994,0
"2020-09-29",493.480011,0
"2020-09-30",500.029999,0
"2020-10-01",527.51001,0
"2020-10-02",503.059998,0
"2020-10-05",520.650024,0
"2020-10-06",505.869995,0
"2020-10-07",534.659973,0
"2020-10-08",531.789978,0
"2020-10-09",539.440002,0
"2020-10-12",539.809998,0
"2020-10-13",554.090027,0
"2020-10-14",541.450012,0
"2020-10-15",541.940002,0
"2020-10-16",530.789978,0
"2020-10-19",530.719971,0
"2020-10-20",525.419983,0
"2020-10-21",489.049988,0
"2020-10-22",485.230011,0
"2020-10-23",488.279999,0
"2020-10-26",488.23999,0
"2020-10-27",488.929993,0
"2020-10-28",486.23999,0
"2020-10-29",504.209991,0
"2020-10-30",475.73999,0
"2020-11-02",484.119995,0
"2020-11-03",487.220001,0
"2020-11-04",496.950012,0
"2020-11-05",513.76001,0
"2020-11-06",514.72998,0
"2020-11-09",470.5,0
"2020-11-10",480.23999,0
"2020-11-11",490.76001,0
"2020-11-12",486.769989,0
"2020-11-13",482.839996,0
"2020-11-16",479.100006,0
"2020-11-17",480.630005,0
"2020-11-18",481.790009,0
"2020-11-19",484.670013,0
"2020-11-20",488.23999,0
"2020-11-23",476.619995,0
"2020-11-24",482.880005,0
"2020-11-25",485,0
"2020-11-27",491.359985,0
"2020-11-30",490.700012,0
"2020-12-01",504.579987,0
"2020-12-02",503.380005,0
"2020-12-03",497.519989,0
"2020-12-04",498.309998,0
"2020-12-07",515.780029,0
"2020-12-08",512.659973,0
"2020-12-09",493.600006,0
"2020-12-10",501.089996,0
"2020-12-11",503.220001,0
"2020-12-14",522.419983,0
"2020-12-15",519.780029,0
"2020-12-16",524.830017,0
"2020-12-17",532.900024,0
"2020-12-18",534.450012,0
"2020-12-21",528.909973,0
"2020-12-22",527.330017,0
"2020-12-23",514.47998,0
"2020-12-24",513.969971,0
"2020-12-28",519.119995,0
"2020-12-29",530.869995,0
"2020-12-30",524.590027,0
"2020-12-31",540.72998,0
"2021-01-04",522.859985,0
"2021-01-05",520.799988,0
"2021-01-06",500.48999,0
"2021-01-07",508.890015,0
"2021-01-08",510.399994,0
"2021-01-11",499.100006,0
"2021-01-12",494.25,0
"2021-01-13",507.790009,0
"2021-01-14",500.859985,0
"2021-01-15",497.980011,0
"2021-01-19",501.769989,0
"2021-01-20",586.340027,0
"2021-01-21",579.840027,0
"2021-01-22",565.169983,0
"2021-01-25",556.780029,0
"2021-01-26",561.929993,0
"2021-01-27",523.280029,0
"2021-01-28",538.599976,0
"2021-01-29",532.390015,0
"2021-02-01",539.039978,0
"2021-02-02",548.159973,0
"2021-02-03",539.450012,0
"2021-02-04",552.159973,0
"2021-02-05",550.789978,0
"2021-02-08",547.919983,0
"2021-02-09",559.070007,0
"2021-02-10",563.590027,0
"2021-02-11",557.590027,0
"2021-02-12",556.52002,0
"2021-02-16",557.280029,0
"2021-02-17",551.340027,0
"2021-02-18",548.219971,0
"2021-02-19",540.219971,0
"2021-02-22",533.780029,0
"2021-02-23",546.150024,0
"2021-02-24",553.409973,0
"2021-02-25",546.700012,0
"2021-02-26",538.849976,0
"2021-03-01",550.640015,0
"2021-03-02",547.820007,0
"2021-03-03",520.700012,0
"2021-03-04",511.290009,0
"2021-03-05",516.390015,0
"2021-03-08",493.329987,0
"2021-03-09",506.440002,0
"2021-03-10",504.540009,0
"2021-03-11",523.059998,0
"2021-03-12",518.02002,0
"2021-03-15",520.25,0
"2021-03-16",524.030029,0
"2021-03-17",524.440002,0
"2021-03-18",504.790009,0
"2021-03-19",512.179993,0
"2021-03-22",523.109985,0
"2021-03-23",535.090027,0
"2021-03-24",520.809998,0
"2021-03-25",502.859985,0
"2021-03-26",508.049988,0
"2021-03-29",513.950012,0
"2021-03-30",513.390015,0
"2021-03-31",521.659973,0
"2021-04-01",539.419983,0
"2021-04-05",540.669983,0
"2021-04-06",544.530029,0
"2021-04-07",546.98999,0
"2021-04-08",554.580017,0
"2021-04-09",555.309998,0
"2021-04-12",552.780029,0
"2021-04-13",553.72998,0
"2021-04-14",540.02002,0
"2021-04-15",549.219971,0
"2021-04-16",546.539978,0
"2021-04-19",554.440002,0
"2021-04-20",549.570007,0
"2021-04-21",508.899994,0
"2021-04-22",508.779999,0
"2021-04-23",505.549988,0
"2021-04-26",510.299988,0
"2021-04-27",505.549988,0
"2021-04-28",506.519989,0
"2021-04-29",509,0
"2021-04-30",513.469971,0
"2021-05-03",509.109985,0
"2021-05-04",503.179993,0
"2021-05-05",496.079987,0
"2021-05-06",499.549988,0
"2021-05-07",503.839996,0
"2021-05-10",486.690002,0
"2021-05-11",495.079987,0
"2021-05-12",484.980011,0
"2021-05-13",486.660004,0
"2021-05-14",493.369995,0
"2021-05-17",488.940002,0
"2021-05-18",486.279999,0
"2021-05-19",487.700012,0
"2021-05-20",501.670013,0
"2021-05-21",497.890015,0
"2021-05-24",502.899994,0
"2021-05-25",501.339996,0
"2021-05-26",502.359985,0
"2021-05-27",503.859985,0
"2021-05-28",502.809998,0
"2021-06-01",499.079987,0
"2021-06-02",499.23999,0
"2021-06-03",489.429993,0
"2021-06-04",494.73999,0
"2021-06-07",494.660004,0
"2021-06-08",492.390015,0
"2021-06-09",485.809998,0
"2021-06-10",487.269989,0
"2021-06-11",488.769989,0
"2021-06-14",499.890015,0
"2021-06-15",491.899994,0
"2021-06-16",492.410004,0
"2021-06-17",498.339996,0
"2021-06-18",500.769989,0
"2021-06-21",497,0
"2021-06-22",508.820007,0
"2021-06-23",512.73999,0
"2021-06-24",518.059998,0
"2021-06-25",527.070007,0
"2021-06-28",533.030029,0
"2021-06-29",533.5,0
"2021-06-30",528.210022,0
"2021-07-01",533.539978,0
"2021-07-02",533.97998,0
"2021-07-06",541.640015,0
"2021-07-07",535.960022,0
"2021-07-08",530.76001,0
"2021-07-09",535.97998,0
"2021-07-12",537.309998,0
"2021-07-13",540.679993,0
"2021-07-14",547.950012,0
"2021-07-15",542.950012,0
"2021-07-16",530.309998,0
"2021-07-19",532.280029,0
"2021-07-20",531.049988,0
"2021-07-21",513.630005,0
"2021-07-22",511.769989,0
"2021-07-23",515.409973,0
"2021-07-26",516.48999,0
"2021-07-27",518.909973,0
"2021-07-28",519.299988,0
"2021-07-29",514.25,0
"2021-07-30",517.570007,0
"2021-08-02",515.150024,0
"2021-08-03",510.820007,0
"2021-08-04",517.349976,0
"2021-08-05",524.890015,0
"2021-08-06",520.549988,0
"2021-08-09",519.969971,0
"2021-08-10",515.840027,0
"2021-08-11",512.400024,0
"2021-08-12",510.720001,0
"2021-08-13",515.919983,0
"2021-08-16",517.919983,0
"2021-08-17",518.909973,0
"2021-08-18",521.869995,0
"2021-08-19",543.710022,0
"2021-08-20",546.880005,0
"2021-08-23",553.330017,0
"2021-08-24",553.409973,0
"2021-08-25",547.580017,0
"2021-08-26",550.119995,0
"2021-08-27",558.919983,0
"2021-08-30",566.179993,0
"2021-08-31",569.190002,0
"2021-09-01",582.070007,0
"2021-09-02",588.549988,0
"2021-09-03",590.530029,0
"2021-09-07",606.710022,0
"2021-09-08",606.049988,0
"2021-09-09",597.539978,0
"2021-09-10",598.719971,0
"2021-09-13",589.289978,0
"2021-09-14",577.76001,0
"2021-09-15",582.869995,0
"2021-09-16",586.5,0
"2021-09-17",589.349976,0
"2021-09-20",575.429993,0
"2021-09-21",573.140015,0
"2021-09-22",590.650024,0
"2021-09-23",593.26001,0
"2021-09-24",592.390015,0
"2021-09-27",592.640015,0
"2021-09-28",583.849976,0
"2021-09-29",599.059998,0
"2021-09-30",610.340027,0
"2021-10-01",613.150024,0
"2021-10-04",603.349976,0
"2021-10-05",634.809998,0
"2021-10-06",639.099976,0
"2021-10-07",631.849976,0
"2021-10-08",632.659973,0
"2021-10-11",627.039978,0
"2021-10-12",624.940002,0
"2021-10-13",629.76001,0
"2021-10-14",633.799988,0
"2021-10-15",628.289978,0
"2021-10-18",637.969971,0
"2021-10-19",639,0
"2021-10-20",625.140015,0
"2021-10-21",653.159973,0
"2021-10-22",664.780029,0
"2021-10-25",671.659973,0
"2021-10-26",668.52002,0
"2021-10-27",662.919983,0
"2021-10-28",674.049988,0
"2021-10-29",690.309998,0
"2021-11-01",681.169983,0
"2021-11-02",677.719971,0
"2021-11-03",688.289978,0
"2021-11-04",668.400024,0
"2021-11-05",645.719971,0
"2021-11-08",651.450012,0
"2021-11-09",655.98999,0
"2021-11-10",646.909973,0
"2021-11-11",657.580017,0
"2021-11-12",682.609985,0
"2021-11-15",679.330017,0
"2021-11-16",687.400024,0
"2021-11-17",691.690002,0
"2021-11-18",682.02002,0
"2021-11-19",678.799988,0
"2021-11-22",659.200012,0
"2021-11-23",654.059998,0
"2021-11-24",658.289978,0
"2021-11-26",665.640015,0
"2021-11-29",663.840027,0
"2021-11-30",641.900024,0
"2021-12-01",617.77002,0
"2021-12-02",616.469971,0
"2021-12-03",602.130005,0
"2021-12-06",612.690002,0
"2021-12-07",625.580017,0
"2021-12-08",628.080017,0
"2021-12-09",611,0
"2021-12-10",611.659973,0
"2021-12-13",604.559998,0
"2021-12-14",597.98999,0
"2021-12-15",605.039978,0
"2021-12-16",591.059998,0
"2021-12-17",586.72998,0
"2021-12-20",593.73999,0
"2021-12-21",604.919983,0
"2021-12-22",614.23999,0
"2021-12-23",614.090027,0
"2021-12-27",613.119995,0
"2021-12-28",610.710022,0
"2021-12-29",610.539978,0
"2021-12-30",612.090027,0
"2021-12-31",602.440002,0
"2022-01-03",597.369995,0
"2022-01-04",591.150024,0
"2022-01-05",567.52002,0
"2022-01-06",553.289978,0
"2022-01-07",541.059998,0
"2022-01-10",539.849976,0
"2022-01-11",540.840027,0
"2022-01-12",537.219971,0
"2022-01-13",519.200012,0
"2022-01-14",525.690002,0
"2022-01-18",510.799988,0
"2022-01-19",515.859985,0
"2022-01-20",508.25,0
"2022-01-21",397.5,0
"2022-01-24",387.149994,0
"2022-01-25",366.420013,0
"2022-01-26",359.700012,0
"2022-01-27",386.700012,0
"2022-01-28",384.359985,0
"2022-01-31",427.140015,0
"2022-02-01",457.130005,0
"2022-02-02",429.480011,0
"2022-02-03",405.600006,0
"2022-02-04",410.170013,0
